Ligand_Name,Binding_Affinity_kcal_mol
mol_250.pdbqt,-7.401
mol_1562.pdbqt,-7.909
mol_297.pdbqt,-8.603
mol_1272.pdbqt,-9.873
mol_1745.pdbqt,-9.449
mol_675.pdbqt,-9.906
mol_850.pdbqt,-10.317
mol_1222.pdbqt,-10.371
mol_180.pdbqt,-9.178
mol_782.pdbqt,-9.367
mol_490.pdbqt,-9.661
mol_1164.pdbqt,-9.777
mol_560.pdbqt,-10.075
mol_167.pdbqt,-9.627
mol_832.pdbqt,-9.504
mol_562.pdbqt,-9.321
mol_230.pdbqt,-10.269
mol_1584.pdbqt,-11.957
mol_571.pdbqt,-10.435
mol_734.pdbqt,-9.277
mol_223.pdbqt,-10.3
mol_610.pdbqt,-9.144
mol_1856.pdbqt,-9.781
mol_909.pdbqt,-8.994
mol_20.pdbqt,-10.038
mol_1611.pdbqt,-8.626
mol_1137.pdbqt,-9.68
mol_1765.pdbqt,-6.447
mol_1381.pdbqt,-9.906
mol_1065.pdbqt,-10.672
mol_1232.pdbqt,-9.465
mol_1704.pdbqt,-10.26
mol_1419.pdbqt,-9.214
mol_1995.pdbqt,-8.054
mol_1777.pdbqt,-8.283
mol_1758.pdbqt,-10.351
mol_1495.pdbqt,-9.893
mol_534.pdbqt,-9.156
mol_277.pdbqt,-10.107
mol_62.pdbqt,-9.419
mol_979.pdbqt,-10.027
mol_1353.pdbqt,-9.816
mol_525.pdbqt,-8.592
mol_1002.pdbqt,-10.011
mol_1969.pdbqt,-9.838
mol_873.pdbqt,-9.648
mol_1285.pdbqt,-9.596
mol_497.pdbqt,-9.905
mol_1046.pdbqt,-10.342
mol_390.pdbqt,-9.091
mol_1654.pdbqt,-10.075
mol_1869.pdbqt,-10.108
mol_1284.pdbqt,-12.144
mol_681.pdbqt,-10.097
mol_1427.pdbqt,-9.818
mol_1727.pdbqt,-9.958
mol_1741.pdbqt,-11.18
mol_1534.pdbqt,-8.352
mol_1131.pdbqt,-9.459
mol_329.pdbqt,-9.344
mol_585.pdbqt,-10.214
mol_559.pdbqt,-9.656
mol_1796.pdbqt,-10.528
mol_1711.pdbqt,-9.224
mol_543.pdbqt,-10.671
mol_628.pdbqt,-10.101
mol_537.pdbqt,-8.885
mol_776.pdbqt,-9.36
mol_150.pdbqt,-9.496
mol_1195.pdbqt,-7.96
mol_712.pdbqt,-9.054
mol_1667.pdbqt,-8.469
mol_553.pdbqt,-8.75
mol_21.pdbqt,-9.321
mol_1120.pdbqt,-12.094
mol_1715.pdbqt,-9.744
mol_435.pdbqt,-7.228
mol_1320.pdbqt,-9.108
mol_1487.pdbqt,-9.48
mol_196.pdbqt,-9.022
mol_1896.pdbqt,-10.468
mol_1109.pdbqt,-10.089
mol_24.pdbqt,-8.699
mol_1737.pdbqt,-9.074
mol_1491.pdbqt,-9.968
mol_39.pdbqt,-9.1
mol_8.pdbqt,-9.301
mol_26.pdbqt,-9.744
mol_1213.pdbqt,-6.459
mol_583.pdbqt,-10.059
mol_1953.pdbqt,-9.5
mol_313.pdbqt,-9.006
mol_881.pdbqt,-8.363
mol_691.pdbqt,-10.201
mol_1800.pdbqt,-9.754
mol_996.pdbqt,-8.717
mol_457.pdbqt,-9.165
mol_1182.pdbqt,-10.293
mol_86.pdbqt,-9.182
mol_1691.pdbqt,-10.158
mol_1827.pdbqt,-10.376
mol_1129.pdbqt,-11.219
mol_1613.pdbqt,-9.77
mol_1298.pdbqt,-9.324
mol_1418.pdbqt,-9.693
mol_1425.pdbqt,-10.116
mol_707.pdbqt,-8.91
mol_212.pdbqt,-9.872
mol_352.pdbqt,-7.709
mol_1567.pdbqt,-10.215
mol_1713.pdbqt,-9.413
mol_445.pdbqt,-7.339
mol_100.pdbqt,-9.945
mol_1016.pdbqt,-8.698
mol_489.pdbqt,-10.723
mol_1837.pdbqt,-8.68
mol_284.pdbqt,-9.149
mol_514.pdbqt,-8.813
mol_1844.pdbqt,-10.49
mol_1386.pdbqt,-9.624
mol_1823.pdbqt,-9.0
mol_1707.pdbqt,-10.851
mol_367.pdbqt,-9.856
mol_956.pdbqt,-9.176
mol_744.pdbqt,-9.04
mol_111.pdbqt,-9.974
mol_1367.pdbqt,-9.182
mol_1123.pdbqt,-8.971
mol_817.pdbqt,-9.297
mol_1730.pdbqt,-10.751
mol_1878.pdbqt,-10.744
mol_615.pdbqt,-9.817
mol_299.pdbqt,-9.766
mol_1149.pdbqt,-9.434
mol_1020.pdbqt,-9.92
mol_189.pdbqt,-10.68
mol_1640.pdbqt,-9.378
mol_1539.pdbqt,-8.446
mol_195.pdbqt,-9.788
mol_588.pdbqt,-9.358
mol_274.pdbqt,-11.6
mol_452.pdbqt,-8.813
mol_405.pdbqt,-9.157
mol_77.pdbqt,-8.565
mol_1694.pdbqt,-9.025
mol_1697.pdbqt,-11.002
mol_365.pdbqt,-10.908
mol_1494.pdbqt,-10.077
mol_1786.pdbqt,-8.591
mol_283.pdbqt,-9.252
mol_417.pdbqt,-9.836
mol_262.pdbqt,-9.466
mol_7.pdbqt,-9.911
mol_962.pdbqt,-9.348
mol_286.pdbqt,-4.028
mol_394.pdbqt,-9.95
mol_110.pdbqt,-8.62
mol_45.pdbqt,-9.559
mol_419.pdbqt,-10.963
mol_1435.pdbqt,-8.149
mol_1859.pdbqt,-10.073
mol_932.pdbqt,-9.755
mol_1866.pdbqt,-10.154
mol_1568.pdbqt,-9.371
mol_1042.pdbqt,-8.3
mol_1259.pdbqt,-9.128
mol_1642.pdbqt,-10.441
mol_1256.pdbqt,-10.081
mol_317.pdbqt,-8.626
mol_1521.pdbqt,-9.545
mol_1886.pdbqt,-8.804
mol_1825.pdbqt,-8.591
mol_1410.pdbqt,-10.051
mol_1198.pdbqt,-9.53
mol_1850.pdbqt,-10.437
mol_316.pdbqt,-10.62
mol_1660.pdbqt,-9.857
mol_65.pdbqt,-9.941
mol_1658.pdbqt,-10.376
mol_1698.pdbqt,-9.727
mol_493.pdbqt,-10.061
mol_1757.pdbqt,-10.245
mol_1799.pdbqt,-9.46
mol_320.pdbqt,-9.495
mol_358.pdbqt,-10.01
mol_347.pdbqt,-9.47
mol_1854.pdbqt,-8.928
mol_1959.pdbqt,-9.097
mol_1802.pdbqt,-9.986
mol_1915.pdbqt,-8.404
mol_290.pdbqt,-9.512
mol_1469.pdbqt,-6.872
mol_1017.pdbqt,-9.836
mol_43.pdbqt,-10.112
mol_1984.pdbqt,-9.412
mol_112.pdbqt,-9.513
mol_143.pdbqt,-12.398
mol_259.pdbqt,-9.959
mol_596.pdbqt,-10.123
mol_713.pdbqt,-5.753
mol_690.pdbqt,-10.677
mol_488.pdbqt,-8.735
mol_643.pdbqt,-9.473
mol_1740.pdbqt,-9.905
mol_1779.pdbqt,-9.855
mol_443.pdbqt,-11.363
mol_1054.pdbqt,-8.932
mol_1519.pdbqt,-8.873
mol_169.pdbqt,-10.485
mol_204.pdbqt,-10.672
mol_1070.pdbqt,-9.224
mol_420.pdbqt,-9.378
mol_624.pdbqt,-9.463
mol_1612.pdbqt,-9.229
mol_1421.pdbqt,-10.015
mol_1731.pdbqt,-10.217
mol_1103.pdbqt,-8.994
mol_1785.pdbqt,-9.651
mol_141.pdbqt,-9.74
mol_98.pdbqt,-9.024
mol_916.pdbqt,-10.74
mol_1304.pdbqt,-11.605
mol_887.pdbqt,-10.074
mol_1484.pdbqt,-7.184
mol_176.pdbqt,-9.381
mol_227.pdbqt,-10.589
mol_1243.pdbqt,-10.675
mol_1548.pdbqt,-9.252
mol_1428.pdbqt,-10.032
mol_1893.pdbqt,-7.717
mol_705.pdbqt,-10.563
mol_255.pdbqt,-10.004
mol_940.pdbqt,-10.598
mol_408.pdbqt,-11.013
mol_1335.pdbqt,-8.535
mol_1723.pdbqt,-10.444
mol_1797.pdbqt,-9.511
mol_188.pdbqt,-5.092
mol_476.pdbqt,-10.132
mol_431.pdbqt,-10.311
mol_397.pdbqt,-10.585
mol_1352.pdbqt,-9.729
mol_738.pdbqt,-9.686
mol_95.pdbqt,-9.494
mol_1907.pdbqt,-8.597
mol_363.pdbqt,-10.043
mol_44.pdbqt,-10.223
mol_155.pdbqt,-8.139
mol_1773.pdbqt,-11.444
mol_293.pdbqt,-10.764
mol_1767.pdbqt,-9.575
mol_1122.pdbqt,-10.622
mol_1884.pdbqt,-10.38
mol_1184.pdbqt,-11.128
mol_864.pdbqt,-9.662
mol_1532.pdbqt,-10.08
mol_310.pdbqt,-9.265
mol_1965.pdbqt,-9.235
mol_877.pdbqt,-8.681
mol_1935.pdbqt,-9.286
mol_894.pdbqt,-9.825
mol_1066.pdbqt,-9.083
mol_1453.pdbqt,-9.651
mol_108.pdbqt,-9.892
mol_575.pdbqt,-9.007
mol_737.pdbqt,-8.948
mol_1508.pdbqt,-10.025
mol_225.pdbqt,-9.401
mol_1724.pdbqt,-8.96
mol_1156.pdbqt,-9.859
mol_1251.pdbqt,-9.74
mol_1391.pdbqt,-10.953
mol_735.pdbqt,-9.249
mol_432.pdbqt,-6.548
mol_1588.pdbqt,-8.859
mol_324.pdbqt,-10.599
mol_1939.pdbqt,-10.266
mol_1845.pdbqt,-9.387
mol_341.pdbqt,-10.729
mol_278.pdbqt,-8.185
mol_1005.pdbqt,-10.057
mol_1165.pdbqt,-10.352
mol_1621.pdbqt,-9.641
mol_829.pdbqt,-8.706
mol_946.pdbqt,-11.395
mol_644.pdbqt,-9.072
mol_462.pdbqt,-10.431
mol_1348.pdbqt,-10.65
mol_22.pdbqt,-9.883
mol_1346.pdbqt,-9.418
mol_1524.pdbqt,-10.675
mol_1926.pdbqt,-10.726
mol_1210.pdbqt,-10.544
mol_1619.pdbqt,-9.67
mol_1947.pdbqt,-8.962
mol_813.pdbqt,-8.371
mol_478.pdbqt,-9.648
mol_1937.pdbqt,-9.18
mol_273.pdbqt,-11.225
mol_114.pdbqt,-10.43
mol_464.pdbqt,-10.136
mol_1461.pdbqt,-10.445
mol_127.pdbqt,-9.329
mol_1696.pdbqt,-8.896
mol_679.pdbqt,-10.05
mol_137.pdbqt,-9.766
mol_1125.pdbqt,-10.898
mol_1978.pdbqt,-9.86
mol_183.pdbqt,-9.786
mol_1518.pdbqt,-9.83
mol_213.pdbqt,-10.652
mol_439.pdbqt,-7.39
mol_1309.pdbqt,-10.017
mol_1074.pdbqt,-6.664
mol_806.pdbqt,-8.473
mol_203.pdbqt,-10.574
mol_1157.pdbqt,-11.525
mol_1671.pdbqt,-7.619
mol_233.pdbqt,-10.173
mol_942.pdbqt,-9.696
mol_186.pdbqt,-9.324
mol_1445.pdbqt,-7.978
mol_1726.pdbqt,-7.435
mol_1.pdbqt,-9.402
mol_1687.pdbqt,-8.908
mol_1025.pdbqt,-8.401
mol_796.pdbqt,-8.761
mol_1328.pdbqt,-8.734
mol_1899.pdbqt,-9.894
mol_4.pdbqt,-8.833
mol_524.pdbqt,-9.14
mol_1370.pdbqt,-10.089
mol_480.pdbqt,-9.048
mol_714.pdbqt,-9.577
mol_1636.pdbqt,-9.25
mol_1925.pdbqt,-9.525
mol_475.pdbqt,-8.584
mol_654.pdbqt,-10.359
mol_467.pdbqt,-11.233
mol_437.pdbqt,-11.067
mol_303.pdbqt,-9.519
mol_1287.pdbqt,-9.264
mol_496.pdbqt,-8.737
mol_498.pdbqt,-10.242
mol_1903.pdbqt,-8.962
mol_292.pdbqt,-10.017
mol_483.pdbqt,-8.973
mol_1174.pdbqt,-10.071
mol_950.pdbqt,-8.967
mol_1385.pdbqt,-11.207
mol_613.pdbqt,-9.985
mol_25.pdbqt,-9.763
mol_281.pdbqt,-9.59
mol_1244.pdbqt,-9.436
mol_1455.pdbqt,-9.373
mol_616.pdbqt,-8.969
mol_682.pdbqt,-9.947
mol_1921.pdbqt,-9.221
mol_516.pdbqt,-8.834
mol_1327.pdbqt,-9.864
mol_309.pdbqt,-9.209
mol_1632.pdbqt,-9.466
mol_1236.pdbqt,-9.338
mol_1412.pdbqt,-7.267
mol_1083.pdbqt,-10.584
mol_1781.pdbqt,-9.085
mol_1485.pdbqt,-8.972
mol_1055.pdbqt,-9.872
mol_1616.pdbqt,-9.024
mol_1703.pdbqt,-10.422
mol_1048.pdbqt,-9.305
mol_1598.pdbqt,-9.591
mol_780.pdbqt,-9.339
mol_1879.pdbqt,-9.413
mol_433.pdbqt,-9.211
mol_741.pdbqt,-9.954
mol_791.pdbqt,-9.752
mol_634.pdbqt,-8.889
mol_386.pdbqt,-9.021
mol_57.pdbqt,-10.544
mol_115.pdbqt,-9.249
mol_214.pdbqt,-9.448
mol_1490.pdbqt,-8.265
mol_406.pdbqt,-10.988
mol_975.pdbqt,-5.166
mol_1117.pdbqt,-9.24
mol_371.pdbqt,-10.964
mol_382.pdbqt,-8.47
mol_1086.pdbqt,-10.04
mol_1266.pdbqt,-10.043
mol_1069.pdbqt,-9.779
mol_752.pdbqt,-9.308
mol_599.pdbqt,-8.682
mol_1260.pdbqt,-8.58
mol_603.pdbqt,-9.877
mol_392.pdbqt,-9.821
mol_906.pdbqt,-9.719
mol_491.pdbqt,-9.065
mol_663.pdbqt,-9.229
mol_1807.pdbqt,-9.619
mol_1629.pdbqt,-9.573
mol_1001.pdbqt,-5.406
mol_1816.pdbqt,-9.314
mol_531.pdbqt,-10.373
mol_40.pdbqt,-10.213
mol_174.pdbqt,-9.442
mol_1161.pdbqt,-10.113
mol_1963.pdbqt,-11.87
mol_1528.pdbqt,-10.254
mol_629.pdbqt,-9.178
mol_789.pdbqt,-9.457
mol_1853.pdbqt,-8.601
mol_1363.pdbqt,-10.573
mol_1597.pdbqt,-7.959
mol_727.pdbqt,-10.303
mol_1559.pdbqt,-10.249
mol_1625.pdbqt,-10.333
mol_1197.pdbqt,-8.927
mol_1474.pdbqt,-9.034
mol_1406.pdbqt,-9.022
mol_1512.pdbqt,-10.912
mol_762.pdbqt,-9.807
mol_751.pdbqt,-9.271
mol_617.pdbqt,-8.637
mol_1931.pdbqt,-9.742
mol_321.pdbqt,-10.604
mol_1522.pdbqt,-4.681
mol_427.pdbqt,-8.779
mol_1380.pdbqt,-10.618
mol_1957.pdbqt,-11.081
mol_198.pdbqt,-6.818
mol_461.pdbqt,-8.208
mol_988.pdbqt,-8.28
mol_55.pdbqt,-9.573
mol_1894.pdbqt,-9.415
mol_750.pdbqt,-10.107
mol_1830.pdbqt,-9.11
mol_1424.pdbqt,-9.994
mol_1350.pdbqt,-10.858
mol_1269.pdbqt,-9.434
mol_422.pdbqt,-7.552
mol_1994.pdbqt,-7.465
mol_1986.pdbqt,-6.555
mol_802.pdbqt,-9.964
mol_1045.pdbqt,-10.062
mol_1403.pdbqt,-8.826
mol_1217.pdbqt,-8.669
mol_58.pdbqt,-9.316
mol_1572.pdbqt,-10.801
mol_1067.pdbqt,-8.783
mol_1651.pdbqt,-9.944
mol_719.pdbqt,-9.119
mol_378.pdbqt,-8.57
mol_822.pdbqt,-10.422
mol_364.pdbqt,-8.929
mol_666.pdbqt,-9.188
mol_1833.pdbqt,-9.414
mol_1821.pdbqt,-8.048
mol_710.pdbqt,-10.596
mol_1295.pdbqt,-9.482
mol_168.pdbqt,-10.058
mol_441.pdbqt,-8.206
mol_743.pdbqt,-8.584
mol_1310.pdbqt,-9.15
mol_753.pdbqt,-10.056
mol_332.pdbqt,-9.724
mol_1044.pdbqt,-9.523
mol_270.pdbqt,-7.301
mol_106.pdbqt,-10.775
mol_1443.pdbqt,-9.371
mol_846.pdbqt,-10.145
mol_456.pdbqt,-9.437
mol_826.pdbqt,-9.45
mol_1867.pdbqt,-9.972
mol_1684.pdbqt,-3.997
mol_509.pdbqt,-9.812
mol_1229.pdbqt,-9.12
mol_1596.pdbqt,-9.795
mol_1678.pdbqt,-7.823
mol_844.pdbqt,-9.203
mol_657.pdbqt,-8.211
mol_1252.pdbqt,-9.318
mol_1510.pdbqt,-9.306
mol_1128.pdbqt,-9.29
mol_117.pdbqt,-9.914
mol_36.pdbqt,-9.646
mol_295.pdbqt,-10.072
mol_760.pdbqt,-10.204
mol_1650.pdbqt,-9.731
mol_380.pdbqt,-9.556
mol_1322.pdbqt,-9.289
mol_1398.pdbqt,-9.009
mol_116.pdbqt,-10.417
mol_1233.pdbqt,-10.208
mol_389.pdbqt,-10.293
mol_538.pdbqt,-8.087
mol_1378.pdbqt,-9.56
mol_1334.pdbqt,-8.366
mol_1126.pdbqt,-8.61
mol_1255.pdbqt,-7.053
mol_1395.pdbqt,-10.341
mol_803.pdbqt,-11.507
mol_1834.pdbqt,-9.53
mol_1105.pdbqt,-9.976
mol_1434.pdbqt,-9.095
mol_374.pdbqt,-9.547
mol_1507.pdbqt,-10.518
mol_953.pdbqt,-9.561
mol_814.pdbqt,-9.675
mol_369.pdbqt,-9.604
mol_173.pdbqt,-10.288
mol_1441.pdbqt,-9.146
mol_1451.pdbqt,-9.235
mol_1673.pdbqt,-10.0
mol_334.pdbqt,-9.115
mol_1693.pdbqt,-10.119
mol_271.pdbqt,-9.753
mol_131.pdbqt,-9.698
mol_772.pdbqt,-10.0
mol_1689.pdbqt,-10.822
mol_903.pdbqt,-10.378
mol_1599.pdbqt,-8.253
mol_837.pdbqt,-9.526
mol_540.pdbqt,-10.273
mol_466.pdbqt,-9.663
mol_1832.pdbqt,-9.61
mol_1058.pdbqt,-8.544
mol_1988.pdbqt,-9.7
mol_693.pdbqt,-8.448
mol_306.pdbqt,-10.436
mol_568.pdbqt,-9.149
mol_1384.pdbqt,-9.575
mol_75.pdbqt,-9.534
mol_1262.pdbqt,-10.093
mol_1701.pdbqt,-10.823
mol_335.pdbqt,-9.015
mol_1134.pdbqt,-9.105
mol_1371.pdbqt,-9.013
mol_473.pdbqt,-10.544
mol_546.pdbqt,-9.256
mol_1782.pdbqt,-9.626
mol_89.pdbqt,-9.947
mol_1930.pdbqt,-10.129
mol_1479.pdbqt,-9.411
mol_1136.pdbqt,-9.924
mol_1397.pdbqt,-8.211
mol_305.pdbqt,-10.597
mol_692.pdbqt,-8.823
mol_1466.pdbqt,-10.056
mol_893.pdbqt,-9.9
mol_1099.pdbqt,-9.045
mol_1305.pdbqt,-10.707
mol_847.pdbqt,-9.684
mol_1822.pdbqt,-9.258
mol_1941.pdbqt,-7.255
mol_409.pdbqt,-8.718
mol_580.pdbqt,-8.847
mol_532.pdbqt,-9.646
mol_1225.pdbqt,-9.109
mol_1586.pdbqt,-9.153
mol_1962.pdbqt,-9.148
mol_245.pdbqt,-8.535
mol_1801.pdbqt,-10.043
mol_968.pdbqt,-10.506
mol_1951.pdbqt,-9.39
mol_1643.pdbqt,-9.426
mol_883.pdbqt,-8.971
mol_1464.pdbqt,-10.347
mol_1362.pdbqt,-10.495
mol_1296.pdbqt,-9.862
mol_1478.pdbqt,-9.652
mol_1247.pdbqt,-9.525
mol_1345.pdbqt,-7.088
mol_528.pdbqt,-9.164
mol_1181.pdbqt,-10.176
mol_1573.pdbqt,-9.282
mol_307.pdbqt,-6.29
mol_1064.pdbqt,-9.899
mol_699.pdbqt,-10.376
mol_722.pdbqt,-9.559
mol_1570.pdbqt,-8.882
mol_1652.pdbqt,-9.123
mol_138.pdbqt,-8.911
mol_718.pdbqt,-9.281
mol_312.pdbqt,-9.855
mol_351.pdbqt,-9.982
mol_1307.pdbqt,-10.194
mol_640.pdbqt,-9.818
mol_1991.pdbqt,-9.91
mol_300.pdbqt,-9.318
mol_931.pdbqt,-9.006
mol_1497.pdbqt,-9.701
mol_1170.pdbqt,-9.358
mol_1846.pdbqt,-9.054
mol_1500.pdbqt,-9.677
mol_1790.pdbqt,-10.897
mol_434.pdbqt,-10.184
mol_92.pdbqt,-9.784
mol_1127.pdbqt,-9.585
mol_28.pdbqt,-8.166
mol_1898.pdbqt,-9.784
mol_319.pdbqt,-7.686
mol_1912.pdbqt,-9.945
mol_1739.pdbqt,-8.739
mol_139.pdbqt,-8.086
mol_46.pdbqt,-8.963
mol_302.pdbqt,-7.167
mol_1592.pdbqt,-9.938
mol_482.pdbqt,-10.097
mol_898.pdbqt,-10.544
mol_1699.pdbqt,-8.448
mol_1248.pdbqt,-9.49
mol_1759.pdbqt,-6.062
mol_726.pdbqt,-9.126
mol_486.pdbqt,-9.207
mol_206.pdbqt,-8.475
mol_160.pdbqt,-9.64
mol_1111.pdbqt,-9.051
mol_820.pdbqt,-10.832
mol_1235.pdbqt,-9.087
mol_1289.pdbqt,-9.263
mol_1525.pdbqt,-9.71
mol_1902.pdbqt,-10.295
mol_564.pdbqt,-9.638
mol_1018.pdbqt,-10.933
mol_721.pdbqt,-9.036
mol_193.pdbqt,-11.576
mol_276.pdbqt,-8.366
mol_237.pdbqt,-8.231
mol_1028.pdbqt,-9.867
mol_1608.pdbqt,-11.694
mol_1722.pdbqt,-9.015
mol_556.pdbqt,-10.226
mol_756.pdbqt,-7.82
mol_373.pdbqt,-8.682
mol_1437.pdbqt,-8.185
mol_1431.pdbqt,-10.209
mol_1872.pdbqt,-9.09
mol_1288.pdbqt,-9.788
mol_1250.pdbqt,-9.539
mol_1214.pdbqt,-9.246
mol_1514.pdbqt,-10.439
mol_1321.pdbqt,-9.683
mol_238.pdbqt,-11.23
mol_1283.pdbqt,-8.904
mol_1444.pdbqt,-8.913
mol_915.pdbqt,-8.755
mol_811.pdbqt,-7.518
mol_1179.pdbqt,-10.485
mol_1551.pdbqt,-9.75
mol_912.pdbqt,-6.953
mol_1013.pdbqt,-10.315
mol_1733.pdbqt,-9.969
mol_1618.pdbqt,-8.516
mol_612.pdbqt,-10.593
mol_1180.pdbqt,-11.118
mol_598.pdbqt,-9.575
mol_1690.pdbqt,-10.814
mol_1742.pdbqt,-8.377
mol_366.pdbqt,-9.064
mol_418.pdbqt,-9.491
mol_502.pdbqt,-10.133
mol_875.pdbqt,-10.123
mol_209.pdbqt,-9.185
mol_450.pdbqt,-9.468
mol_379.pdbqt,-10.247
mol_1376.pdbqt,-9.27
mol_163.pdbqt,-8.85
mol_1605.pdbqt,-9.057
mol_1577.pdbqt,-9.555
mol_1141.pdbqt,-8.973
mol_892.pdbqt,-8.846
mol_1496.pdbqt,-9.012
mol_1622.pdbqt,-11.06
mol_1258.pdbqt,-8.477
mol_1904.pdbqt,-8.819
mol_1772.pdbqt,-9.888
mol_1563.pdbqt,-8.447
mol_1405.pdbqt,-9.327
mol_733.pdbqt,-8.158
mol_577.pdbqt,-9.175
mol_1675.pdbqt,-10.292
mol_908.pdbqt,-9.619
mol_1186.pdbqt,-9.257
mol_396.pdbqt,-9.358
mol_840.pdbqt,-8.714
mol_23.pdbqt,-9.139
mol_1331.pdbqt,-8.325
mol_1682.pdbqt,-9.362
mol_1219.pdbqt,-9.23
mol_810.pdbqt,-10.32
mol_1808.pdbqt,-9.984
mol_73.pdbqt,-10.558
mol_963.pdbqt,-9.748
mol_458.pdbqt,-8.721
mol_1515.pdbqt,-11.872
mol_668.pdbqt,-8.92
mol_754.pdbqt,-9.389
mol_1644.pdbqt,-3.304
mol_1394.pdbqt,-9.334
mol_1450.pdbqt,-9.536
mol_1211.pdbqt,-10.326
mol_888.pdbqt,-10.489
mol_922.pdbqt,-8.895
mol_1104.pdbqt,-6.361
mol_625.pdbqt,-9.44
mol_266.pdbqt,-9.953
mol_1835.pdbqt,-10.295
mol_1919.pdbqt,-9.727
mol_964.pdbqt,-9.404
mol_1130.pdbqt,-8.898
mol_1477.pdbqt,-9.52
mol_1990.pdbqt,-9.983
mol_275.pdbqt,-9.41
mol_1231.pdbqt,-9.798
mol_161.pdbqt,-10.839
mol_1190.pdbqt,-10.605
mol_1107.pdbqt,-10.268
mol_399.pdbqt,-8.856
mol_356.pdbqt,-9.436
mol_1824.pdbqt,-9.536
mol_340.pdbqt,-8.557
mol_72.pdbqt,-9.156
mol_797.pdbqt,-9.043
mol_1234.pdbqt,-10.558
mol_3.pdbqt,-9.117
mol_529.pdbqt,-9.867
mol_1470.pdbqt,-9.663
mol_918.pdbqt,-10.313
mol_1677.pdbqt,-10.192
mol_1676.pdbqt,-8.805
mol_901.pdbqt,-10.616
mol_843.pdbqt,-9.051
mol_1839.pdbqt,-10.492
mol_135.pdbqt,-9.709
mol_949.pdbqt,-9.456
mol_1778.pdbqt,-10.258
mol_1097.pdbqt,-8.497
mol_1147.pdbqt,-9.492
mol_604.pdbqt,-9.6
mol_1710.pdbqt,-10.11
mol_199.pdbqt,-10.328
mol_1081.pdbqt,-9.862
mol_958.pdbqt,-6.882
mol_1634.pdbqt,-10.541
mol_1417.pdbqt,-9.773
mol_471.pdbqt,-9.424
mol_1554.pdbqt,-10.2
mol_1641.pdbqt,-10.104
mol_542.pdbqt,-8.153
mol_1361.pdbqt,-9.277
mol_1920.pdbqt,-9.449
mol_764.pdbqt,-9.966
mol_1576.pdbqt,-10.577
mol_1791.pdbqt,-11.127
mol_14.pdbqt,-11.297
mol_134.pdbqt,-9.51
mol_153.pdbqt,-9.287
mol_1096.pdbqt,-10.321
mol_1143.pdbqt,-9.334
mol_917.pdbqt,-9.023
mol_101.pdbqt,-8.012
mol_1312.pdbqt,-9.69
mol_895.pdbqt,-9.246
mol_578.pdbqt,-8.602
mol_1743.pdbqt,-9.81
mol_1043.pdbqt,-9.204
mol_704.pdbqt,-8.439
mol_1049.pdbqt,-9.202
mol_1662.pdbqt,-10.021
mol_1032.pdbqt,-9.921
mol_1506.pdbqt,-9.006
mol_1809.pdbqt,-10.51
mol_867.pdbqt,-10.34
mol_1674.pdbqt,-10.268
mol_1770.pdbqt,-9.569
mol_170.pdbqt,-9.126
mol_31.pdbqt,-9.233
mol_404.pdbqt,-9.755
mol_1333.pdbqt,-9.295
mol_1202.pdbqt,-9.894
mol_446.pdbqt,-10.491
mol_1505.pdbqt,-9.082
mol_1440.pdbqt,-9.756
mol_1492.pdbqt,-8.474
mol_296.pdbqt,-9.805
mol_576.pdbqt,-9.928
mol_455.pdbqt,-10.122
mol_1077.pdbqt,-8.996
mol_574.pdbqt,-10.085
mol_555.pdbqt,-8.727
mol_842.pdbqt,-9.539
mol_1290.pdbqt,-10.078
mol_19.pdbqt,-10.114
mol_1432.pdbqt,-9.938
mol_6.pdbqt,-8.85
mol_1098.pdbqt,-9.217
mol_415.pdbqt,-9.319
mol_412.pdbqt,-10.228
mol_589.pdbqt,-9.753
mol_50.pdbqt,-9.954
mol_746.pdbqt,-9.357
mol_876.pdbqt,-6.518
mol_1729.pdbqt,-10.223
mol_1246.pdbqt,-9.258
mol_1448.pdbqt,-9.482
mol_1868.pdbqt,-10.199
mol_207.pdbqt,-9.34
mol_149.pdbqt,-9.406
mol_54.pdbqt,-9.966
mol_479.pdbqt,-9.501
mol_1929.pdbqt,-9.911
mol_1996.pdbqt,-9.394
mol_1829.pdbqt,-9.274
mol_414.pdbqt,-9.972
mol_1637.pdbqt,-10.133
mol_783.pdbqt,-10.436
mol_156.pdbqt,-8.701
mol_221.pdbqt,-9.81
mol_1665.pdbqt,-8.235
mol_1462.pdbqt,-10.285
mol_793.pdbqt,-10.112
mol_79.pdbqt,-8.867
mol_1943.pdbqt,-5.047
mol_658.pdbqt,-9.461
mol_1223.pdbqt,-10.813
mol_428.pdbqt,-5.96
mol_1734.pdbqt,-9.957
mol_1015.pdbqt,-9.814
mol_314.pdbqt,-9.029
mol_66.pdbqt,-8.951
mol_164.pdbqt,-10.854
mol_939.pdbqt,-10.943
mol_1393.pdbqt,-10.189
mol_208.pdbqt,-8.243
mol_848.pdbqt,-10.512
mol_368.pdbqt,-9.785
mol_1408.pdbqt,-9.591
mol_505.pdbqt,-9.465
mol_1736.pdbqt,-8.96
mol_1648.pdbqt,-11.461
mol_326.pdbqt,-9.131
mol_504.pdbqt,-10.408
mol_639.pdbqt,-9.797
mol_190.pdbqt,-8.683
mol_1476.pdbqt,-10.048
mol_1753.pdbqt,-9.252
mol_790.pdbqt,-9.712
mol_1546.pdbqt,-9.142
mol_611.pdbqt,-9.15
mol_202.pdbqt,-9.944
mol_632.pdbqt,-10.818
mol_85.pdbqt,-9.65
mol_717.pdbqt,-9.154
mol_592.pdbqt,-8.195
mol_423.pdbqt,-9.934
mol_1501.pdbqt,-10.321
mol_1857.pdbqt,-8.923
mol_18.pdbqt,-10.115
mol_1414.pdbqt,-10.067
mol_891.pdbqt,-9.547
mol_1035.pdbqt,-12.162
mol_749.pdbqt,-10.612
mol_162.pdbqt,-10.672
mol_928.pdbqt,-9.638
mol_740.pdbqt,-9.506
mol_1968.pdbqt,-10.875
mol_1344.pdbqt,-10.188
mol_1924.pdbqt,-9.442
mol_1215.pdbqt,-10.673
mol_210.pdbqt,-8.738
mol_63.pdbqt,-11.22
mol_2.pdbqt,-3.848
mol_976.pdbqt,-12.514
mol_1917.pdbqt,-10.583
mol_957.pdbqt,-6.76
mol_670.pdbqt,-9.742
mol_655.pdbqt,-9.89
mol_1140.pdbqt,-10.034
mol_1073.pdbqt,-10.157
mol_1944.pdbqt,-10.409
mol_253.pdbqt,-9.629
mol_1895.pdbqt,-10.237
mol_147.pdbqt,-9.578
mol_1359.pdbqt,-9.806
mol_1590.pdbqt,-9.738
mol_1784.pdbqt,-7.988
mol_217.pdbqt,-11.101
mol_952.pdbqt,-9.198
mol_407.pdbqt,-10.239
mol_1050.pdbqt,-10.002
mol_1768.pdbqt,-9.799
mol_436.pdbqt,-7.524
mol_884.pdbqt,-9.621
mol_1945.pdbqt,-8.975
mol_1897.pdbqt,-10.346
mol_249.pdbqt,-9.302
mol_469.pdbqt,-9.877
mol_1775.pdbqt,-8.357
mol_413.pdbqt,-0.615
mol_15.pdbqt,-10.315
mol_191.pdbqt,-8.931
mol_1483.pdbqt,-10.312
mol_1851.pdbqt,-6.95
mol_1509.pdbqt,-9.15
mol_1747.pdbqt,-8.548
mol_81.pdbqt,-10.312
mol_1187.pdbqt,-8.732
mol_896.pdbqt,-8.551
mol_1447.pdbqt,-8.872
mol_870.pdbqt,-9.208
mol_1456.pdbqt,-9.874
mol_235.pdbqt,-9.696
mol_1543.pdbqt,-10.392
mol_1649.pdbqt,-10.177
mol_211.pdbqt,-9.872
mol_1338.pdbqt,-9.967
mol_1819.pdbqt,-9.507
mol_966.pdbqt,-10.199
mol_1763.pdbqt,-8.424
mol_1787.pdbqt,-9.193
mol_1952.pdbqt,-10.413
mol_280.pdbqt,-11.462
mol_709.pdbqt,-9.823
mol_1876.pdbqt,-9.946
mol_1237.pdbqt,-9.49
mol_1314.pdbqt,-8.956
mol_623.pdbqt,-11.207
mol_481.pdbqt,-9.663
mol_852.pdbqt,-10.02
mol_1323.pdbqt,-9.69
mol_907.pdbqt,-10.353
mol_370.pdbqt,-10.064
mol_808.pdbqt,-10.251
mol_1942.pdbqt,-8.291
mol_771.pdbqt,-9.536
mol_508.pdbqt,-5.842
mol_1220.pdbqt,-10.565
mol_34.pdbqt,-8.453
mol_885.pdbqt,-9.424
mol_205.pdbqt,-10.089
mol_597.pdbqt,-9.365
mol_252.pdbqt,-10.748
mol_1275.pdbqt,-7.862
mol_87.pdbqt,-9.827
mol_590.pdbqt,-10.438
mol_353.pdbqt,-9.847
mol_841.pdbqt,-10.389
mol_1540.pdbqt,-9.217
mol_1022.pdbqt,-9.677
mol_977.pdbqt,-8.464
mol_1960.pdbqt,-9.94
mol_511.pdbqt,-10.63
mol_561.pdbqt,-9.038
mol_696.pdbqt,-8.559
mol_586.pdbqt,-10.379
mol_794.pdbqt,-10.072
mol_35.pdbqt,-10.124
mol_1578.pdbqt,-8.908
mol_1754.pdbqt,-9.332
mol_708.pdbqt,-10.471
mol_758.pdbqt,-9.498
mol_438.pdbqt,-10.734
mol_688.pdbqt,-8.419
mol_1080.pdbqt,-10.328
mol_1843.pdbqt,-8.626
mol_1093.pdbqt,-9.566
mol_579.pdbqt,-8.735
mol_1457.pdbqt,-10.195
mol_1547.pdbqt,-10.052
mol_201.pdbqt,-10.164
mol_1191.pdbqt,-9.103
mol_518.pdbqt,-8.944
mol_474.pdbqt,-8.959
mol_1552.pdbqt,-8.706
mol_391.pdbqt,-10.215
mol_800.pdbqt,-10.046
mol_774.pdbqt,-9.489
mol_1218.pdbqt,-8.651
mol_965.pdbqt,-10.338
mol_1604.pdbqt,-9.486
mol_152.pdbqt,-6.556
mol_1714.pdbqt,-9.179
mol_673.pdbqt,-9.159
mol_1849.pdbqt,-7.49
mol_1561.pdbqt,-9.682
mol_42.pdbqt,-9.888
mol_563.pdbqt,-12.118
mol_289.pdbqt,-9.927
mol_1565.pdbqt,-10.756
mol_244.pdbqt,-8.497
mol_513.pdbqt,-10.374
mol_614.pdbqt,-9.553
mol_1473.pdbqt,-9.453
mol_142.pdbqt,-10.443
mol_231.pdbqt,-10.75
mol_777.pdbqt,-9.302
mol_240.pdbqt,-10.325
mol_1692.pdbqt,-9.647
mol_728.pdbqt,-10.231
mol_997.pdbqt,-10.091
mol_1308.pdbqt,-10.96
mol_1276.pdbqt,-9.656
mol_703.pdbqt,-10.179
mol_1101.pdbqt,-9.964
mol_1040.pdbqt,-9.649
mol_510.pdbqt,-9.884
mol_1626.pdbqt,-9.49
mol_507.pdbqt,-10.021
mol_1014.pdbqt,-8.911
mol_595.pdbqt,-10.496
mol_1932.pdbqt,-9.575
mol_1420.pdbqt,-11.277
mol_346.pdbqt,-10.126
mol_5.pdbqt,-7.035
mol_246.pdbqt,-10.025
mol_1841.pdbqt,-9.472
mol_128.pdbqt,-10.407
mol_664.pdbqt,-10.136
mol_1158.pdbqt,-9.269
mol_1908.pdbqt,-10.258
mol_256.pdbqt,-8.691
mol_517.pdbqt,-9.941
mol_181.pdbqt,-8.056
mol_1958.pdbqt,-8.987
mol_192.pdbqt,-10.471
mol_416.pdbqt,-8.607
mol_1950.pdbqt,-9.945
mol_1306.pdbqt,-9.14
mol_1033.pdbqt,-7.193
mol_1200.pdbqt,-10.114
mol_1985.pdbqt,-10.449
mol_1589.pdbqt,-8.929
mol_27.pdbqt,-9.663
mol_1891.pdbqt,-9.955
mol_569.pdbqt,-9.113
mol_1422.pdbqt,-9.202
mol_861.pdbqt,-10.4
mol_967.pdbqt,-10.439
mol_1467.pdbqt,-9.7
mol_1793.pdbqt,-9.018
mol_1826.pdbqt,-9.776
mol_182.pdbqt,-9.161
mol_241.pdbqt,-10.072
mol_1989.pdbqt,-7.929
mol_1175.pdbqt,-8.988
mol_1036.pdbqt,-9.815
mol_969.pdbqt,-9.494
mol_1672.pdbqt,-8.681
mol_1871.pdbqt,-11.069
mol_500.pdbqt,-9.271
mol_1517.pdbqt,-7.595
mol_342.pdbqt,-10.049
mol_558.pdbqt,-9.267
mol_11.pdbqt,-9.918
mol_1670.pdbqt,-9.568
mol_33.pdbqt,-9.751
mol_343.pdbqt,-9.607
mol_795.pdbqt,-9.403
mol_337.pdbqt,-8.553
mol_339.pdbqt,-10.336
mol_1530.pdbqt,-9.059
mol_17.pdbqt,-9.845
mol_1160.pdbqt,-9.092
mol_725.pdbqt,-9.061
mol_1192.pdbqt,-10.064
mol_902.pdbqt,-9.261
mol_815.pdbqt,-10.407
mol_730.pdbqt,-9.216
mol_1783.pdbqt,-10.29
mol_755.pdbqt,-10.051
mol_866.pdbqt,-4.847
mol_194.pdbqt,-9.792
mol_1124.pdbqt,-9.534
mol_1664.pdbqt,-9.995
mol_1326.pdbqt,-8.734
mol_650.pdbqt,-10.487
mol_665.pdbqt,-9.36
mol_16.pdbqt,-10.789
mol_52.pdbqt,-9.953
mol_1890.pdbqt,-9.257
mol_1848.pdbqt,-10.454
mol_263.pdbqt,-9.568
mol_175.pdbqt,-9.498
mol_1914.pdbqt,-9.916
mol_105.pdbqt,-8.378
mol_1603.pdbqt,-8.269
mol_1458.pdbqt,-9.152
mol_1171.pdbqt,-9.858
mol_1974.pdbqt,-9.581
mol_1446.pdbqt,-8.538
mol_268.pdbqt,-10.717
mol_1881.pdbqt,-9.42
mol_451.pdbqt,-9.077
mol_97.pdbqt,-10.739
mol_1139.pdbqt,-9.584
mol_1239.pdbqt,-7.762
mol_1354.pdbqt,-9.135
mol_1336.pdbqt,-8.397
mol_1468.pdbqt,-7.52
mol_1630.pdbqt,-10.402
mol_1254.pdbqt,-10.648
mol_1556.pdbqt,-9.621
mol_1095.pdbqt,-9.776
mol_933.pdbqt,-9.201
mol_854.pdbqt,-10.58
mol_865.pdbqt,-9.763
mol_359.pdbqt,-9.891
mol_1936.pdbqt,-9.289
mol_179.pdbqt,-10.858
mol_1480.pdbqt,-9.77
mol_228.pdbqt,-9.66
mol_122.pdbqt,-8.898
mol_1245.pdbqt,-10.826
mol_766.pdbqt,-8.635
mol_944.pdbqt,-9.208
mol_1212.pdbqt,-9.006
mol_1153.pdbqt,-8.693
mol_287.pdbqt,-10.714
mol_1531.pdbqt,-8.501
mol_49.pdbqt,-10.085
mol_130.pdbqt,-8.543
mol_784.pdbqt,-10.451
mol_785.pdbqt,-8.749
mol_1056.pdbqt,-8.407
mol_236.pdbqt,-9.277
mol_905.pdbqt,-10.345
mol_695.pdbqt,-9.403
mol_739.pdbqt,-9.904
mol_1657.pdbqt,-9.836
mol_1145.pdbqt,-8.894
mol_158.pdbqt,-9.83
mol_757.pdbqt,-9.785
mol_1168.pdbqt,-9.06
mol_816.pdbqt,-8.791
mol_530.pdbqt,-9.275
mol_1569.pdbqt,-7.779
mol_129.pdbqt,-8.365
mol_1852.pdbqt,-9.878
mol_133.pdbqt,-8.023
mol_995.pdbqt,-9.581
mol_769.pdbqt,-9.674
mol_798.pdbqt,-10.412
mol_827.pdbqt,-9.171
mol_1325.pdbqt,-9.481
mol_1818.pdbqt,-9.829
mol_362.pdbqt,-9.151
mol_1668.pdbqt,-9.53
mol_1268.pdbqt,-10.086
mol_1402.pdbqt,-8.523
mol_29.pdbqt,-8.785
mol_1201.pdbqt,-9.947
mol_1916.pdbqt,-8.547
mol_565.pdbqt,-8.195
mol_1566.pdbqt,-8.886
mol_1416.pdbqt,-10.527
mol_1789.pdbqt,-9.126
mol_254.pdbqt,-11.251
mol_260.pdbqt,-9.553
mol_857.pdbqt,-9.161
mol_449.pdbqt,-10.224
mol_879.pdbqt,-10.115
mol_828.pdbqt,-11.825
mol_526.pdbqt,-10.096
mol_1628.pdbqt,-9.064
mol_868.pdbqt,-9.39
mol_1114.pdbqt,-8.521
mol_348.pdbqt,-8.697
mol_1769.pdbqt,-9.701
mol_1267.pdbqt,-9.016
mol_388.pdbqt,-9.651
mol_874.pdbqt,-9.837
mol_157.pdbqt,-10.728
mol_1549.pdbqt,-7.574
mol_1873.pdbqt,-9.401
mol_384.pdbqt,-10.839
mol_1006.pdbqt,-10.28
mol_1858.pdbqt,-10.104
mol_1645.pdbqt,-9.391
mol_123.pdbqt,-7.968
mol_1620.pdbqt,-9.209
mol_1360.pdbqt,-10.155
mol_13.pdbqt,-9.432
mol_1493.pdbqt,-8.647
mol_605.pdbqt,-9.003
mol_1274.pdbqt,-9.436
mol_1273.pdbqt,-7.069
mol_1452.pdbqt,-6.644
mol_401.pdbqt,-8.617
mol_900.pdbqt,-10.005
mol_1918.pdbqt,-10.045
mol_30.pdbqt,-9.232
mol_1426.pdbqt,-10.079
mol_535.pdbqt,-9.147
mol_1277.pdbqt,-10.106
mol_1889.pdbqt,-9.274
mol_1949.pdbqt,-9.352
mol_424.pdbqt,-10.388
mol_2000.pdbqt,-10.048
mol_1389.pdbqt,-7.611
mol_618.pdbqt,-8.381
mol_715.pdbqt,-9.276
mol_487.pdbqt,-9.237
mol_1159.pdbqt,-9.072
